{
  "properties": {
    "connectionReferences": {
      "shared_onedriveforbusiness-1": {
        "runtimeSource": "invoker",
        "connection": {
          "connectionReferenceLogicalName": "new_sharedonedriveforbusiness_f6745"
        },
        "api": {
          "name": "shared_onedriveforbusiness"
        }
      },
      "shared_excelonlinebusiness-2": {
        "runtimeSource": "invoker",
        "connection": {
          "connectionReferenceLogicalName": "new_sharedexcelonlinebusiness_a2fc7"
        },
        "api": {
          "name": "shared_excelonlinebusiness"
        }
      },
      "shared_commondataserviceforapps-1": {
        "runtimeSource": "embedded",
        "connection": {
          "connectionReferenceLogicalName": "new_sharedcommondataserviceforapps_95aa5"
        },
        "api": {
          "name": "shared_commondataserviceforapps"
        }
      }
    },
    "definition": {
      "$schema": "https://schema.management.azure.com/providers/Microsoft.Logic/schemas/2016-06-01/workflowdefinition.json#",
      "contentVersion": "1.0.0.0",
      "parameters": {
        "$authentication": {
          "defaultValue": {},
          "type": "SecureObject"
        },
        "$connections": {
          "defaultValue": {},
          "type": "Object"
        }
      },
      "triggers": {
        "manual": {
          "metadata": {
            "operationMetadataId": "fd206422-f61a-4210-b05d-a54f801e3fb3"
          },
          "type": "Request",
          "kind": "Button",
          "inputs": {
            "schema": {
              "type": "object",
              "properties": {
                "file": {
                  "title": "File",
                  "type": "object",
                  "x-ms-dynamically-added": true,
                  "description": "Please select file or image",
                  "x-ms-content-hint": "FILE",
                  "properties": {
                    "name": {
                      "type": "string"
                    },
                    "contentBytes": {
                      "type": "string",
                      "format": "byte"
                    }
                  }
                }
              },
              "required": []
            }
          }
        }
      },
      "actions": {
        "Create_file": {
          "runAfter": {
            "Compose_File_Name": [
              "Succeeded"
            ]
          },
          "metadata": {
            "operationMetadataId": "3c052b8d-beab-41e2-b7ce-bdf7c56ea0fe"
          },
          "type": "OpenApiConnection",
          "inputs": {
            "parameters": {
              "folderPath": "/",
              "name": "@outputs('Compose_File_Name')",
              "body": "@triggerBody()['file']['contentBytes']"
            },
            "host": {
              "apiId": "/providers/Microsoft.PowerApps/apis/shared_onedriveforbusiness",
              "operationId": "CreateFile",
              "connectionName": "shared_onedriveforbusiness-1"
            }
          },
          "runtimeConfiguration": {
            "contentTransfer": {
              "transferMode": "Chunked"
            }
          }
        },
        "Get_tables": {
          "runAfter": {
            "Create_file": [
              "Succeeded"
            ]
          },
          "metadata": {
            "01KFKSH4SI626AOHPPZFCLB3UV7V7CCGHQ": "/Demo 12 Sep.xlsx",
            "tableId": null,
            "operationMetadataId": "5000b871-6e20-43c0-a9c4-4747ed83d038"
          },
          "type": "OpenApiConnection",
          "inputs": {
            "parameters": {
              "source": "me",
              "drive": "b!-zhsNYi1m0idKpdXJ8b0YxGO45oEBxtLsEcTyHHRzuwlpogG7_OAQq_Xdoy2Hlxz",
              "file": "/@{outputs('Compose_File_Name')}"
            },
            "host": {
              "apiId": "/providers/Microsoft.PowerApps/apis/shared_excelonlinebusiness",
              "operationId": "GetTables",
              "connectionName": "shared_excelonlinebusiness-2"
            }
          }
        },
        "Compose_File_Name": {
          "runAfter": {},
          "metadata": {
            "operationMetadataId": "279b54d1-b6f5-4c2c-aedd-86e24456b2e3"
          },
          "type": "Compose",
          "inputs": "@{formatDateTime(utcNow(), 'yyyyMMddhhmmss')}.xlsx"
        },
        "Apply_to_each_table": {
          "foreach": "@outputs('Get_tables')?['body/value']",
          "actions": {
            "List_rows_present_in_a_table": {
              "metadata": {
                "operationMetadataId": "6d537c29-160d-4c92-b225-a8b3a6e513ad",
                "tableId": "@items('Apply_to_each_table')?['name']"
              },
              "type": "OpenApiConnection",
              "inputs": {
                "parameters": {
                  "source": "me",
                  "drive": "b!-zhsNYi1m0idKpdXJ8b0YxGO45oEBxtLsEcTyHHRzuwlpogG7_OAQq_Xdoy2Hlxz",
                  "file": "/@{outputs('Compose_File_Name')}",
                  "table": "@items('Apply_to_each_table')?['name']"
                },
                "host": {
                  "apiId": "/providers/Microsoft.PowerApps/apis/shared_excelonlinebusiness",
                  "operationId": "GetItems",
                  "connectionName": "shared_excelonlinebusiness-2"
                }
              },
              "runtimeConfiguration": {
                "paginationPolicy": {
                  "minimumItemCount": 1200
                }
              }
            },
            "Switch": {
              "runAfter": {
                "List_rows_present_in_a_table": [
                  "Succeeded"
                ]
              },
              "cases": {
                "CruiseCeilingParams": {
                  "case": "CruiseCeilingParams",
                  "actions": {
                    "Apply_to_each_row": {
                      "foreach": "@outputs('List_rows_present_in_a_table')?['body/value']",
                      "actions": {
                        "Add_a_new_row": {
                          "metadata": {
                            "operationMetadataId": "355d1106-7ddb-4370-9042-51cd78cb4043"
                          },
                          "type": "OpenApiConnection",
                          "inputs": {
                            "parameters": {
                              "entityName": "cr201_cruiseceilingparamses",
                              "item/cr201_auw": "@item()?['AUW']",
                              "item/cr201_ceiling": "@item()?['Ceiling']",
                              "item/cr201_eng": "@item()?['ENG']",
                              "item/cr201_isa": "@item()?['ISA']",
                              "item/cr201_title": "@guid()"
                            },
                            "host": {
                              "apiId": "/providers/Microsoft.PowerApps/apis/shared_commondataserviceforapps",
                              "operationId": "CreateRecord",
                              "connectionName": "shared_commondataserviceforapps-1"
                            }
                          }
                        }
                      },
                      "runAfter": {
                        "Scope": [
                          "Succeeded"
                        ]
                      },
                      "metadata": {
                        "operationMetadataId": "31e82b0c-877c-4995-8a3b-8ce3c61e2af5"
                      },
                      "type": "Foreach"
                    },
                    "Scope": {
                      "actions": {
                        "List_rows": {
                          "metadata": {
                            "operationMetadataId": "efa14180-759c-40cd-bb5b-0d95893b3419"
                          },
                          "type": "OpenApiConnection",
                          "inputs": {
                            "parameters": {
                              "entityName": "cr201_cruiseceilingparamses"
                            },
                            "host": {
                              "apiId": "/providers/Microsoft.PowerApps/apis/shared_commondataserviceforapps",
                              "operationId": "ListRecords",
                              "connectionName": "shared_commondataserviceforapps-1"
                            }
                          }
                        },
                        "For_each": {
                          "foreach": "@outputs('List_rows')?['body/value']",
                          "actions": {
                            "Delete_a_row": {
                              "metadata": {
                                "operationMetadataId": "fc1d8676-6243-411e-a390-add50a7738ba"
                              },
                              "type": "OpenApiConnection",
                              "inputs": {
                                "parameters": {
                                  "entityName": "cr201_cruiseceilingparamses",
                                  "recordId": "@items('For_each')?['cr201_cruiseceilingparamsid']"
                                },
                                "host": {
                                  "apiId": "/providers/Microsoft.PowerApps/apis/shared_commondataserviceforapps",
                                  "operationId": "DeleteRecord",
                                  "connectionName": "shared_commondataserviceforapps-1"
                                }
                              }
                            }
                          },
                          "runAfter": {
                            "List_rows": [
                              "Succeeded"
                            ]
                          },
                          "metadata": {
                            "operationMetadataId": "50fcf719-402b-4f39-8401-14c3e0f81d7d"
                          },
                          "type": "Foreach"
                        }
                      },
                      "metadata": {
                        "operationMetadataId": "f18fc365-8fae-45bd-ba1e-16a37b4f0059"
                      },
                      "type": "Scope"
                    }
                  }
                },
                "HeraFuelFlowParams": {
                  "case": "HeraFuelFlowParams",
                  "actions": {
                    "Apply_to_each_row_1": {
                      "foreach": "@outputs('List_rows_present_in_a_table')?['body/value']",
                      "actions": {
                        "Add_a_new_row_1": {
                          "metadata": {
                            "operationMetadataId": "45910d0a-a8ca-4f78-961c-d66b65576927"
                          },
                          "type": "OpenApiConnection",
                          "inputs": {
                            "parameters": {
                              "entityName": "cr201_herafuelflowparamses",
                              "item/cr201_auw": "@item()?['AUW']",
                              "item/cr201_eng": "@item()?['ENG']",
                              "item/cr201_fl": "@item()?['FL']",
                              "item/cr201_fuelflow": "@item()?['FuelFlow']",
                              "item/cr201_isa": "@item()?['ISA']",
                              "item/cr201_tas": "@item()?['TAS']",
                              "item/cr201_title": "@guid()"
                            },
                            "host": {
                              "apiId": "/providers/Microsoft.PowerApps/apis/shared_commondataserviceforapps",
                              "operationId": "CreateRecord",
                              "connectionName": "shared_commondataserviceforapps-1"
                            }
                          }
                        }
                      },
                      "runAfter": {
                        "Scope_1": [
                          "Succeeded"
                        ]
                      },
                      "metadata": {
                        "operationMetadataId": "064c273c-c691-4f21-ba9f-d3753653486e"
                      },
                      "type": "Foreach"
                    },
                    "Scope_1": {
                      "actions": {
                        "List_rows_1": {
                          "metadata": {
                            "operationMetadataId": "0b3092be-0665-40ac-9896-2da902371de2"
                          },
                          "type": "OpenApiConnection",
                          "inputs": {
                            "parameters": {
                              "entityName": "cr201_herafuelflowparamses"
                            },
                            "host": {
                              "apiId": "/providers/Microsoft.PowerApps/apis/shared_commondataserviceforapps",
                              "operationId": "ListRecords",
                              "connectionName": "shared_commondataserviceforapps-1"
                            }
                          }
                        },
                        "For_each_1": {
                          "foreach": "@outputs('List_rows_1')?['body/value']",
                          "actions": {
                            "Delete_a_row_1": {
                              "metadata": {
                                "operationMetadataId": "09f894a1-b534-4ff6-807e-b15f9fddd221"
                              },
                              "type": "OpenApiConnection",
                              "inputs": {
                                "parameters": {
                                  "entityName": "cr201_herafuelflowparamses",
                                  "recordId": "@items('For_each_1')?['cr201_herafuelflowparamsid']"
                                },
                                "host": {
                                  "apiId": "/providers/Microsoft.PowerApps/apis/shared_commondataserviceforapps",
                                  "operationId": "DeleteRecord",
                                  "connectionName": "shared_commondataserviceforapps-1"
                                }
                              }
                            }
                          },
                          "runAfter": {
                            "List_rows_1": [
                              "Succeeded"
                            ]
                          },
                          "metadata": {
                            "operationMetadataId": "cbcc8231-dfa8-465e-a811-341dda0f9370"
                          },
                          "type": "Foreach"
                        }
                      },
                      "metadata": {
                        "operationMetadataId": "00f8c874-d7c1-41b1-8478-fda25d3fdeb6"
                      },
                      "type": "Scope"
                    }
                  }
                },
                "InitialClimbParams": {
                  "case": "InitialClimbParams",
                  "actions": {
                    "Apply_to_each_row_2": {
                      "foreach": "@outputs('List_rows_present_in_a_table')?['body/value']",
                      "actions": {
                        "Add_a_new_row_2": {
                          "metadata": {
                            "operationMetadataId": "61f9caf6-e273-43a9-86af-a54ff0737688"
                          },
                          "type": "OpenApiConnection",
                          "inputs": {
                            "parameters": {
                              "entityName": "cr201_initialclimbparamses",
                              "item/cr201_auw": "@item()?['AUW']",
                              "item/cr201_fl": "@item()?['FL']",
                              "item/cr201_isa": "@item()?['ISA']",
                              "item/cr201_title": "@guid()",
                              "item/cr201_distance": "@item()?['Distance']",
                              "item/cr201_fuel": "@item()?['Fuel']",
                              "item/cr201_time": "@item()?['Time']"
                            },
                            "host": {
                              "apiId": "/providers/Microsoft.PowerApps/apis/shared_commondataserviceforapps",
                              "operationId": "CreateRecord",
                              "connectionName": "shared_commondataserviceforapps-1"
                            }
                          }
                        }
                      },
                      "runAfter": {
                        "Scope_1_1": [
                          "Succeeded"
                        ]
                      },
                      "metadata": {
                        "operationMetadataId": "f6d8d557-237a-47ae-9d96-7b598d86db42"
                      },
                      "type": "Foreach"
                    },
                    "Scope_1_1": {
                      "actions": {
                        "List_rows_2": {
                          "metadata": {
                            "operationMetadataId": "9bf514db-15d5-49cd-85a1-e387f9368d60"
                          },
                          "type": "OpenApiConnection",
                          "inputs": {
                            "parameters": {
                              "entityName": "cr201_initialclimbparamses"
                            },
                            "host": {
                              "apiId": "/providers/Microsoft.PowerApps/apis/shared_commondataserviceforapps",
                              "operationId": "ListRecords",
                              "connectionName": "shared_commondataserviceforapps-1"
                            }
                          }
                        },
                        "For_each_2": {
                          "foreach": "@outputs('List_rows_2')?['body/value']",
                          "actions": {
                            "Delete_a_row_2": {
                              "metadata": {
                                "operationMetadataId": "febbb258-e465-402b-b217-d35b08626ce3"
                              },
                              "type": "OpenApiConnection",
                              "inputs": {
                                "parameters": {
                                  "entityName": "cr201_initialclimbparamses",
                                  "recordId": "@items('For_each_2')?['cr201_initialclimbparamsid']"
                                },
                                "host": {
                                  "apiId": "/providers/Microsoft.PowerApps/apis/shared_commondataserviceforapps",
                                  "operationId": "DeleteRecord",
                                  "connectionName": "shared_commondataserviceforapps-1"
                                }
                              }
                            }
                          },
                          "runAfter": {
                            "List_rows_2": [
                              "Succeeded"
                            ]
                          },
                          "metadata": {
                            "operationMetadataId": "2a4bc436-d44a-4a46-bd5f-c640b47c5532"
                          },
                          "type": "Foreach"
                        }
                      },
                      "metadata": {
                        "operationMetadataId": "431d070b-036f-4aac-a99c-111d18a4b291"
                      },
                      "type": "Scope"
                    }
                  }
                },
                "StepClimbParams": {
                  "case": "StepClimbParams",
                  "actions": {
                    "Apply_to_each_row_3": {
                      "foreach": "@outputs('List_rows_present_in_a_table')?['body/value']",
                      "actions": {
                        "Add_a_new_row_3": {
                          "metadata": {
                            "operationMetadataId": "f0c553bc-b87c-43e9-90f7-4c7c3d3dbdb9"
                          },
                          "type": "OpenApiConnection",
                          "inputs": {
                            "parameters": {
                              "entityName": "cr201_stepclimbparamses",
                              "item/cr201_drag": "@item()?['Drag']",
                              "item/cr201_eng": "@item()?['ENG']",
                              "item/cr201_fl": "@item()?['FL']",
                              "item/cr201_isa": "@item()?['ISA']",
                              "item/cr201_stepclimb": "@item()?['StepClimb']",
                              "item/cr201_tas": "@item()?['TAS']",
                              "item/cr201_tit": "@item()?['TIT']",
                              "item/cr201_title": "@guid()"
                            },
                            "host": {
                              "apiId": "/providers/Microsoft.PowerApps/apis/shared_commondataserviceforapps",
                              "operationId": "CreateRecord",
                              "connectionName": "shared_commondataserviceforapps-1"
                            }
                          }
                        }
                      },
                      "runAfter": {
                        "Scope_1_1_1": [
                          "Succeeded"
                        ]
                      },
                      "metadata": {
                        "operationMetadataId": "57a9cd34-3bbd-47ff-a7a9-c8a4ee9820e6"
                      },
                      "type": "Foreach"
                    },
                    "Scope_1_1_1": {
                      "actions": {
                        "List_rows_3": {
                          "metadata": {
                            "operationMetadataId": "ccdeac9d-2402-4cb0-854b-769e225d950e"
                          },
                          "type": "OpenApiConnection",
                          "inputs": {
                            "parameters": {
                              "entityName": "cr201_stepclimbparamses"
                            },
                            "host": {
                              "apiId": "/providers/Microsoft.PowerApps/apis/shared_commondataserviceforapps",
                              "operationId": "ListRecords",
                              "connectionName": "shared_commondataserviceforapps-1"
                            }
                          }
                        },
                        "For_each_3": {
                          "foreach": "@outputs('List_rows_3')?['body/value']",
                          "actions": {
                            "Delete_a_row_3": {
                              "metadata": {
                                "operationMetadataId": "9ee525e0-84aa-4c37-b28d-2d11727f9634"
                              },
                              "type": "OpenApiConnection",
                              "inputs": {
                                "parameters": {
                                  "entityName": "cr201_stepclimbparamses",
                                  "recordId": "@items('For_each_3')?['cr201_stepclimbparamsid']"
                                },
                                "host": {
                                  "apiId": "/providers/Microsoft.PowerApps/apis/shared_commondataserviceforapps",
                                  "operationId": "DeleteRecord",
                                  "connectionName": "shared_commondataserviceforapps-1"
                                }
                              }
                            }
                          },
                          "runAfter": {
                            "List_rows_3": [
                              "Succeeded"
                            ]
                          },
                          "metadata": {
                            "operationMetadataId": "ac35a799-c0c2-41b2-a222-5c85bd4ee843"
                          },
                          "type": "Foreach"
                        }
                      },
                      "metadata": {
                        "operationMetadataId": "d21aa7d5-e7c8-4b22-bfa6-2effee90a41d"
                      },
                      "type": "Scope"
                    }
                  }
                },
                "FuelDistrParams": {
                  "case": "FuelDistrParams",
                  "actions": {
                    "Apply_to_each_row_4": {
                      "foreach": "@outputs('List_rows_present_in_a_table')?['body/value']",
                      "actions": {
                        "Add_a_new_row_4": {
                          "metadata": {
                            "operationMetadataId": "1337c56e-2eac-4bc3-9750-ad133452728f"
                          },
                          "type": "OpenApiConnection",
                          "inputs": {
                            "parameters": {
                              "entityName": "cr201_fueldistrparamses",
                              "item/cr201_aux": "@item()?['AUX']",
                              "item/cr201_endingacno": "@item()?['EndingACNo']",
                              "item/cr201_ext": "@item()?['EXT']",
                              "item/cr201_ib": "@item()?['IB']",
                              "item/cr201_model": "@item()?['Model']",
                              "item/cr201_ob": "@item()?['OB']",
                              "item/cr201_startingacno": "@item()?['StartingACNo']",
                              "item/cr201_title": "@guid()"
                            },
                            "host": {
                              "apiId": "/providers/Microsoft.PowerApps/apis/shared_commondataserviceforapps",
                              "operationId": "CreateRecord",
                              "connectionName": "shared_commondataserviceforapps-1"
                            }
                          }
                        }
                      },
                      "runAfter": {
                        "Scope_1_1_1_1": [
                          "Succeeded"
                        ]
                      },
                      "metadata": {
                        "operationMetadataId": "a200c229-2dbb-4bfb-816a-69c170fb6d3f"
                      },
                      "type": "Foreach"
                    },
                    "Scope_1_1_1_1": {
                      "actions": {
                        "List_rows_4": {
                          "metadata": {
                            "operationMetadataId": "9b32247f-3aeb-4157-b79c-cd02714fa294"
                          },
                          "type": "OpenApiConnection",
                          "inputs": {
                            "parameters": {
                              "entityName": "cr201_fueldistrparamses"
                            },
                            "host": {
                              "apiId": "/providers/Microsoft.PowerApps/apis/shared_commondataserviceforapps",
                              "operationId": "ListRecords",
                              "connectionName": "shared_commondataserviceforapps-1"
                            }
                          }
                        },
                        "For_each_4": {
                          "foreach": "@outputs('List_rows_4')?['body/value']",
                          "actions": {
                            "Delete_a_row_4": {
                              "metadata": {
                                "operationMetadataId": "1ca3851f-9294-44b7-b735-0970785fbc3e"
                              },
                              "type": "OpenApiConnection",
                              "inputs": {
                                "parameters": {
                                  "entityName": "cr201_fueldistrparamses",
                                  "recordId": "@items('For_each_4')?['cr201_fueldistrparamsid']"
                                },
                                "host": {
                                  "apiId": "/providers/Microsoft.PowerApps/apis/shared_commondataserviceforapps",
                                  "operationId": "DeleteRecord",
                                  "connectionName": "shared_commondataserviceforapps-1"
                                }
                              }
                            }
                          },
                          "runAfter": {
                            "List_rows_4": [
                              "Succeeded"
                            ]
                          },
                          "metadata": {
                            "operationMetadataId": "617da802-185f-4518-8175-f180028bfac9"
                          },
                          "type": "Foreach"
                        }
                      },
                      "metadata": {
                        "operationMetadataId": "3a4e4f1f-2989-4e18-a0d8-84b6804e5820"
                      },
                      "type": "Scope"
                    }
                  }
                }
              },
              "default": {
                "actions": {}
              },
              "expression": "@items('Apply_to_each_table')?['name']",
              "metadata": {
                "operationMetadataId": "85e65858-b36d-41c3-8231-6112b2b131d0"
              },
              "type": "Switch"
            }
          },
          "runAfter": {
            "Get_tables": [
              "Succeeded"
            ]
          },
          "metadata": {
            "operationMetadataId": "b2e100ba-170c-4c54-9f2c-087631c22f20"
          },
          "type": "Foreach"
        }
      }
    },
    "templateName": null
  },
  "schemaVersion": "1.0.0.0"
}