{
  "properties": {
    "connectionReferences": {
      "shared_commondataserviceforapps-1": {
        "runtimeSource": "embedded",
        "connection": {
          "connectionReferenceLogicalName": "new_sharedcommondataserviceforapps_95aa5"
        },
        "api": {
          "name": "shared_commondataserviceforapps"
        }
      }
    },
    "definition": {
      "$schema": "https://schema.management.azure.com/providers/Microsoft.Logic/schemas/2016-06-01/workflowdefinition.json#",
      "contentVersion": "1.0.0.0",
      "parameters": {
        "$authentication": {
          "defaultValue": {},
          "type": "SecureObject"
        },
        "$connections": {
          "defaultValue": {},
          "type": "Object"
        }
      },
      "triggers": {
        "Run_Every_31st_of_Jan_(Once_a_year)": {
          "recurrence": {
            "frequency": "Month",
            "interval": 12,
            "startTime": "2026-01-31T02:00:00Z"
          },
          "metadata": {
            "operationMetadataId": "0a805e3d-79f1-41ff-a6db-3788d229c97b"
          },
          "type": "Recurrence"
        }
      },
      "actions": {
        "List_rows_Older_than_3_Years": {
          "runAfter": {},
          "metadata": {
            "operationMetadataId": "6d13aa18-71d3-4ed1-b4db-74b786ae5c65"
          },
          "type": "OpenApiConnection",
          "inputs": {
            "parameters": {
              "entityName": "cr201_condorfuelplans",
              "$filter": "createdon lt '@{addDays(utcNow(), mul(-365, 3))}'"
            },
            "host": {
              "apiId": "/providers/Microsoft.PowerApps/apis/shared_commondataserviceforapps",
              "operationId": "ListRecords",
              "connectionName": "shared_commondataserviceforapps-1"
            }
          }
        },
        "For_each": {
          "foreach": "@outputs('List_rows_Older_than_3_Years')?['body/value']",
          "actions": {
            "Delete_a_row": {
              "type": "OpenApiConnection",
              "inputs": {
                "parameters": {
                  "entityName": "cr201_condorfuelplans",
                  "recordId": "@items('For_each')?['cr201_condorfuelplanid']"
                },
                "host": {
                  "apiId": "/providers/Microsoft.PowerApps/apis/shared_commondataserviceforapps",
                  "operationId": "DeleteRecord",
                  "connectionName": "shared_commondataserviceforapps-1"
                }
              }
            }
          },
          "runAfter": {
            "List_rows_Older_than_3_Years": [
              "Succeeded"
            ]
          },
          "type": "Foreach"
        }
      }
    },
    "templateName": null
  },
  "schemaVersion": "1.0.0.0"
}