{"__Version":"0.1","App":"69879555-71e3-4b1a-a375-18e4386f7364","Test_7F478737223C4B69":"f619dcb1-5a86-48c4-8a02-6c815efbc2a0","Host":"75a2f6b8-c37b-461a-a83f-f3f6fe206fda","Component_Header":"27c5a5fc-e651-443e-90d4-112629b4630a","Container_Component_Header_Left":"95effd93-88fe-4a0a-9178-f3c4d1b9ac6f","Container2":"3599b4e4-44fc-45ae-9c17-2ffbca010de0","Label_Header":"899e1763-efde-4af2-a55a-8f508f8b69d1","Image3":"cecb6dde-5404-49b6-8a5c-ae7d60d1ac8d","Container_Component_Header_Right":"475b80c8-4762-4e38-8bb3-58b3099681b1","Icon_Connection":"61c8af7d-c3aa-4f2b-a0e4-5c5f0d99c50a","Image_UserPhoto":"c51305d0-e56a-48aa-a006-e14d0907c244","Label_UserName":"4d2f0bfb-624c-47c3-ab21-66e6d3099d13","Component_TextInput":"1a1d10f3-8292-4b11-9483-f1dc75d17121","Container3_2":"31a6d5af-d0fd-4834-a559-aa986de8c656","Label1_2":"3e141e72-2102-4929-ada6-617d744c4663","TextInput1_Input_FullVal":"699f3c33-314f-4104-a4a7-b5dfae343a07","TextInput1_Suggestive":"a9645625-9cca-4e1f-b00a-9cce7b2fd2c6","TextInput1_Input":"5623b5d9-c316-4109-bf03-d6f17398a33c","Component_DropdownInput":"a067336c-1dd8-4295-85f5-ada0a6e2f748","Container3_3":"a08ac1e0-bae4-4a06-aa28-46263c8256ea","Label1_3":"b412d503-f842-484c-9faa-13c68935ad01","Label1_9":"b3bb9f51-3f1f-405c-9292-196a5dcc0032","Dropdown1":"b25d0542-ca08-4468-ac97-6ce60300d53c","Component_FlightLevel":"37fdbfac-318f-4c4b-9b44-da1ab31e0100","Container3_6":"271d7a7f-b07e-4646-8228-4790fbe96fa2","Label1_6":"bb8eb303-e27d-456d-850c-ed89496d2cec","TextInput1_Component_FlightLevel":"a17e24c7-3fe7-4fb3-bb98-f1fa3cb18684","TextInput2_Component_FlightLevel":"ce5ed01f-5499-4507-a0a1-e6019552e83a","TextInput3_Component_FlightLevel":"549216f1-9393-49d8-bc54-d03762cdeb5c","TextInput4_Component_FlightLevel":"cca95436-ee1c-45f2-a1bd-e616ca260093","TextInput5_Component_FlightLevel":"7318772d-ba79-469d-9a6d-b6d899e15df5","TextInput6_Component_FlightLevel":"acb454c3-2495-48bf-85d2-a7f3cce5ae10","Label1_8":"11b5b081-2599-4899-a6ae-7c267c7a8a55","Component_FlightLevelCalculation":"b45bef9c-56c7-410b-b393-480dbeedf97d","Container3_7":"9cb742d2-d282-4d8f-b9a9-272fc670c837","Label1_7":"6f4812a6-296a-4c76-a24b-d84a5d6b2947","TextInput1_Component_FlightLevelCalculation":"798f6808-9e7d-48b3-b11e-24f8705b77ed","TextInput2_Component_FlightLevelCalculation":"60717dfa-561c-4a67-a1b4-76521e10cf98","TextInput3_Component_FlightLevelCalculation":"d251b5c5-4107-4468-93b0-24cc52b746db","TextInput4_Component_FlightLevelCalculation":"b06fc435-bcd6-4865-9daf-c3aa1c8ddccb","TextInput5_Component_FlightLevelCalculation":"d9666925-62ac-4764-b891-5940c05ae3d2","TextInput6_Component_FlightLevelCalculation":"7ae11b56-0fc1-4362-9f70-440e605efa93","TextInput7_Component_FlightLevelCalculation":"f891aaca-682f-4a0b-a93a-61ffccca612f","TextInput1_Component_FlightLevelCalculation_FullVal":"a49bfd53-8299-4009-bec7-38f4cc0d1dca","TextInput2_Component_FlightLevelCalculation_FullVal":"e9bcb80e-2e73-4018-a30d-8636a35e0b4f","TextInput3_Component_FlightLevelCalculation_FullVal":"111888d4-2c30-4a1e-af8a-f84116d5b614","TextInput4_Component_FlightLevelCalculation_FullVal":"8738e506-0d7b-4484-9f53-32d8ed13d0b3","TextInput5_Component_FlightLevelCalculation_FullVal":"e41665ee-5b91-4995-90b9-51ffdd8b34e8","TextInput6_Component_FlightLevelCalculation_FullVal":"043ad4f7-603b-4672-8728-83c262ae0da6","TextInput7_Component_FlightLevelCalculation_FullVal":"ff921cd1-9311-4a0a-99ee-a10fd5b2e436","Component_CommonFunctions_FuelPlan":"baedae01-c895-4c8f-9a5b-8688a8bd416f","TextCanvas2":"f27d86f0-2e68-4758-a836-8a1aca138d84","Component_FuelDistribution":"9322d646-b5a8-4884-a559-253b94c451fe","Container_FuelDistribution":"c2259290-0ce5-426e-aa51-130648a59cc4","Text_TotalFuel":"cab8865c-76ee-41be-bece-7cb59fff8f5b","Container_OBLeft":"fd5dbd70-d253-4f4a-a798-b41781942b55","Container_FuelLevel_OBleft":"5c034c1a-a869-473c-9bab-0b69f99bfc55","Rec_OBLeft":"3b614ab7-dbf3-4360-95f4-2037ecbd3077","HTML_FuelLevel_OBLeft":"5c56f9da-1711-4ea9-9c50-0131ade973f6","Text_OBLeft":"22ff887d-64c5-4702-ae1f-04c2eb580146","Container_IBLeft":"0f88d57f-0590-4892-95e3-d4a32da44631","Container_FuelLevel_IBLeft":"ff3d25a0-9b73-4c57-8756-b7a135effcc7","Rec_IBLeft":"daf450c2-45c0-43ae-9361-7fec50b965b1","HTML_FuelLevel_IBLeft":"99e47958-67c6-47a8-aad7-e6d1b385ed94","Text_IBLeft":"61eeea21-cea5-468f-af69-c27d40b9ec2d","Container_AUXLeft":"6a74b7a6-3e14-4976-aaec-e467e5738d36","Container_FuelLevel_AUXLeft":"6a48342a-d789-4f60-bec4-12c0fb3c7bb0","Rec_AUXLeft":"3e62a654-2cc5-4c11-9490-36416cfb048e","HTML_FuelLevel_AUXLeft":"78f6b705-eca2-4f88-846f-ff9329558f42","Text_AUXLeft":"294c79bb-5523-4b26-a53a-61d5e52db539","Container_EXTLeft":"8c55916c-c8e8-4bd6-9b1a-468aa5b9677f","Container_FuelLevel_EXTLeft":"6494ac59-1828-49a6-9515-60bfb8abb8b9","Rec_EXTLeft":"d1a6b5f9-d816-4958-9e50-1e73d4177bc8","HTML_FuelLevel_EXTLeft":"0a21bbd1-92ea-4633-94ea-efe122e95d28","Text_EXTLeft":"600c9c8c-ab1d-408c-8122-6225b380049c","Container_EXTRight":"067dada3-83f9-485e-bd3b-1b79536d7d7c","Container_FuelLevel_EXTRight":"32d9f7ee-f612-42d5-bf4f-fd182df47578","Rec_EXTRight":"afc931d8-a681-4646-9f68-b62db433bf6d","HTML_FuelLevel_EXTRight":"ed72f74b-338f-49dd-8d0d-cb06e983c71b","Text_EXTRight":"7035f507-c36b-4c3a-a3c1-15ab167fe0dc","Container_AUXRight":"4ebc3213-ff49-42e3-8750-31737e2598a3","Container_FuelLevel_AUXRight":"e38cfb5a-52f4-460e-8929-cf6172f23638","Rec_AUXRight":"b040953d-52b6-42ce-bcde-bb27d537a8e8","HTML_FuelLevel_AUXRight":"6fa1b518-2575-438c-9bb8-e6d049b3a16f","Text_AUXRight":"5b7621b4-b2cc-41f9-9a32-eae1049a16c8","Container_IBRight":"de4064f9-21dc-4a9b-8d25-a72bec527c0e","Container_FuelLevel_IBRight":"db8334b1-2418-4868-980b-e4be889ba858","Rec_IBRight":"31f2f620-4cf1-4216-a1d6-96dbb933c947","HTML_FuelLevel_IBRight":"a25212a5-fb54-44a6-859c-39effd20444f","Text_IBRight":"688a2872-c13b-4df4-9022-ed9081b5452e","Container_OBRight":"9224ba77-7237-4278-b555-bf2ec786385f","Container_FuelLevel_OBRight":"6c432fc9-bfbc-4c08-b5a4-ba0a9068c747","Rec_OBRight":"a2a4d038-935b-400a-8a57-d7074262197f","HTML_FuelLevel_OBRight":"607c0d7e-73bf-4911-aa72-eec2e54aa3aa","Text_OBRight":"c7e1d5b2-bd82-4ca6-a177-f7188cb9cdaa","Component_Message":"8bb4a9b2-9210-46a7-992e-32bb5a5d2cb5","Container5_3":"dc05eaf1-eca9-4eaf-84f7-486d0cc42246","Container8":"95d7d73c-1b87-4e82-878b-3d4dc93e116e","Image4":"ee02b0d8-608e-40ef-a681-184305f08d5b","TextCanvas6":"b9e7f1bb-7b2a-4849-ae82-2aa202039aa4","TextCanvas6_1":"e0a78e05-0d76-4f5b-9818-a2c26cfe008a","Container6_1":"fc45c7f8-5d74-4afa-a1fd-e57cf7cd618a","ButtonCanvas7_1":"9d7c37d7-4f60-4580-bb9c-f2b096de7a97","ButtonCanvas7_2":"2fcb066c-694b-4e64-8887-a80266456f52","ButtonCanvas7":"29ca4549-d364-42e1-8489-50eb9fd99646","ButtonCanvas7_3":"720fecd7-8bf8-4ad7-8f22-8cdd08d02b3f","Component_Loading":"a16798c7-9de2-4383-b922-03865fdbe292","Container21":"00d5f074-0315-4abf-85ac-ff6d50ddc952","Rec_LoadingBackground":"5282da56-9898-4774-98d7-71d44b594c62","Img_Loading":"6c312d32-991e-4e23-8279-83fd5c33c7e4","Text_Status":"d987a37c-ae41-47a9-84c5-1053aff15d8e","Component_DateInput":"833b6d0c-dd55-4283-a547-d4d1c614c440","Container3_5":"58967dcc-633b-48cc-8446-101f4523ef71","Label1_4":"712acc89-075b-4e78-ba56-bf44ad5dda34","Label1_5":"49592903-ce82-4a9e-8970-96ed67b94ec5","DatePickerCanvas1":"837ec803-27a2-4172-8dbf-8f2c74b1bc38","Component_PageWidgets":"8336db93-b7cb-48b1-83f7-0cbce4fa5b73","Container11":"feb0696a-299a-43e7-95c7-17347e950cff","Image1_2":"761dca89-cde4-4b27-9a23-abbf320a3c0c","Button1_1":"988b3a92-f7fc-485f-a0d3-7c363697ae80","Component_Footer":"2d7fa3ea-a2eb-4616-8bb1-4ca72295c880","Container_Component_Header_Left_1":"c60103b7-6853-42fd-8d1c-4079114ba25b","Label1":"d8bf3f64-317d-453a-a9ee-1385e1fb5e63","Screen_FuelPlan_Calculation":"2bf636d8-a0c8-40b5-b797-edd5cb577a07","ScreenContainer1":"524a4a6c-a015-4e27-be0a-8e736c7fd232","HeaderContainer1":"fa27ee62-64be-48dc-85eb-49fdfd897c1d","Component_Header_1":"ee5335b9-ad45-4e48-ad88-8af1fd5188df","Container3":"642f6f9c-3541-46fc-8dea-d88bea758c76","Txt_FulePlanName":"6ca455c4-d805-4138-a4f0-1c568a206c4d","Container4":"1227e619-bf53-4a7a-9dfb-15ef2a975514","Image1":"20593074-e528-49bd-9af6-d8a05232d460","Icon_Calculate":"8ecc85d4-bfe8-45b8-9200-7bb13e5a226c","Btn_FuelDistribution":"69ed883a-8568-4379-a6f8-44c902ec16bb","Icon_Calculate_Trigger":"30cf5c44-07f0-4408-9697-074b1aa1c7ad","Icon_Reset":"d70fed04-7e15-4beb-bd1c-87642cec9f3e","Icon_Reset_Confirm":"352443e3-295f-4402-94ac-279f080de46c","Icon_Save":"34769c49-32d4-4e24-ad13-12f2fd578c40","Icon_Back":"081bccce-29b7-4677-9ea1-17b98c81ab2e","MainContainer1":"ae447a09-ca3f-48d2-bcff-c84828905e61","Container1":"656dd0c2-72a3-4507-a788-aff5c75e0d32","Container1_4":"2ad8eadd-b2c2-4fc4-8d54-f49a145bc04d","Rectangle2":"11d84fd1-7cfb-40a8-add8-8d8183a95f78","Component_DateInput_FlightDate":"cdb3ca2f-72c8-44b2-9fba-fd07a52f93ac","Component_TextInput_Callsign":"d9afd184-6be9-4806-98d5-5abf196155ac","Component_TextInput_Dist (NM)":"9c876664-c2f5-4610-9f24-74d1670ba30f","Component_DropdownInput_TAS (KTS)":"654ce848-6edd-41d9-914f-65277ab577d5","Component_TextInput_Wind (KTS)":"c6853f33-d07f-4d70-be42-53f0c12bcbae","Component_TextInput_GND SPD (KTS)":"5777b0b7-1527-4a9e-b1e6-bd540a2ef681","Component_TextInput_FLT Time (HRS)":"71365068-a7c4-476b-8f61-0812f669f88c","Component_TextInput_Cruise Ceiling (FL)":"e6576129-2982-4c49-ae66-b773277b933a","Container1_5":"af4f12f2-1538-46a1-9053-632f112978a7","Rectangle2_1":"f0af6ae6-e458-4ab4-9f1b-258658b20f73","Component_TextInput_DEP Airfield":"914d9b45-a293-4477-bde4-68a51f8dce95","Component_TextInput_DEP Elevation (FT)":"c6407248-07c6-456f-a091-a54f8d64a956","Component_TextInput_ARR Airfield":"d3ba2878-5f51-49bd-80f2-cd530ae42289","Component_TextInput_ARR Elevation (FT)":"ae7ae593-28ca-42c8-8f0b-2b97581252ed","Component_TextInput_ALT Airfield":"6b28ac59-3e27-45ae-931f-50cf23b67852","Component_TextInput_ALT Elevation (FT)":"4ac6997a-77f2-4293-b4bc-a53dc217f477","Component_TextInput_ALT Dist (NM)":"8aba9150-64ab-46cb-a9d3-70a8abe98d8b","Component_TextInput_Initial Climb ISA":"957b4e66-9ed1-4853-b560-a17695e1a2e9","Component_DropdownInput_ENG Performance":"86dd8d2d-3b78-4abe-b243-ed2ddb141cd8","Component_DropdownInput_Drag Index":"2cf8bacd-58e2-48a8-a227-8cf62666d735","Container1_3":"407da75b-6477-4e7b-8370-5294ab677225","Container1_9":"cf630d02-f188-47b6-918b-7aefd07144c5","Rectangle2_5":"c01d9a20-fad5-4879-ae85-336b7d541c3f","Component_DropdownInput_A/C No.":"cf417cd7-86b6-40bd-bf91-2b08dcfc35e0","Component_TextInput_A/C Basic Weight (LB)":"068529e6-4c90-4810-bc1d-b8c1b3ce1ab8","Component_TextInput_Basic Crew / FAK (LB)":"5781c3ef-0bfe-4863-80d6-87217434fd01","Component_TextInput_Payload (LB)":"dbc66046-f9ff-4918-b7c6-6d6be215d8ec","Component_TextInput_ZFW (LB)":"f5857489-4c71-44f6-9602-c59f1f3316a8","Component_TextInput_Fuel Carry (LB)":"da028303-46dc-4291-b173-c27d86b3a01f","Component_TextInput_Rump AUW (LB)":"2e322fb6-aa71-4006-8454-f1c72471587a","Component_TextInput_T/O AUW (LB)":"4911f5fb-b114-4a49-8c1b-2af049622e9a","Container1_10":"a7020885-bfe7-46b3-b9fc-7e125c77f025","Rectangle2_6":"a6f8523f-0b7a-4c5f-906e-10fb42794793","Component_TextInput_Pre Takeoff Fuel (LB)":"90106ec5-1b78-4d99-bbd0-faf8821829e1","Component_TextInput_Enroute Fuel (LB)":"92ddd550-0976-40d9-b52e-7f59d25ad26f","Component_TextInput_Enroute Fuel Margin (LB)":"e5a738c4-db7d-4deb-9528-017f812b547e","Component_TextInput_App Into Dest (LB)":"ae882775-74ec-43c5-ac2b-259913e4ec84","Component_TextInput_Alternate Fuel (LB)":"d463954d-aae1-40b5-8808-8400f888cc2f","Component_TextInput_IApp \u002B Final Reserve \u002B EMER (LB)":"c91ac4ca-6805-4e18-9ea0-5e466ecfd7fc","Component_TextInput_Others (LB)":"0a641ea1-302b-4134-9bf9-f15377650760","Component_TextInput_Req Mission Fuel (LB)":"bb3af859-39e6-4900-84ad-523687bde562","Component_TextInput_Fuel to Carry (LB)":"b87e674a-92c3-4c0f-9578-47459793ad79","Container1_1":"73efafd4-6116-41a3-b95f-5d86920b9c8d","Container1_7":"89cfc9c5-3a74-48e7-98b9-5c47e7f0f0de","Rectangle2_3":"e44ddba8-db5c-4677-86e4-dcff7712228b","Btn_ResetFlightLevel":"b674b19d-2f80-4f47-8b07-71b9aa365fe3","Component_FlightLevel_6":"0d03319a-4e33-4052-a6c5-cea593d9c71f","Component_FlightLevel_5":"d19859c1-a566-403e-8505-1a964ca1b1a5","Component_FlightLevel_4":"364f39b6-b47c-466b-aa66-b977a8ebc269","Component_FlightLevel_3":"c2aecb9b-7cb1-4392-9eb3-05e028c38aed","Component_FlightLevel_2":"82c35cd1-0bfc-46a8-bbd9-049c9e6dd4ca","Component_FlightLevel_1":"9c4dffcb-9a4b-4c6e-8b07-30e5240f8bbb","Component_FlightLevelCal_ISA":"a52f1c71-f792-4143-afd1-0476d5cdc779","Component_FlightLevelCal_Fuel Flow (LB/HR)":"be1f8f70-6afd-4c8d-a4c6-b8c5aad4ff1f","Component_FlightLevelCal_Time Taken (HR)":"c078a3b7-1c6c-4e34-9e5b-65bce8e98e21","Component_FlightLevelCal_Fuel Burned (LB)":"7f76e2f3-e0d8-4f6c-accc-11c956312c2c","Component_FlightLevelCal_AUW to Climb (LB)":"d7e2f23b-2c21-4b11-bda4-232194870724","Component_FlightLevelCal_Dist Travelled (NM)":"3eb4f8cc-7617-4feb-9379-865c641885ad","Component_FlightLevelCal_Dist to Go (NM)":"14a51f49-c66a-48c4-b517-a55609391357","Container1_2":"5fde0e1f-3b99-4c11-9424-a6861fff461a","Container1_6":"5eb279b3-1b29-4095-a86d-ddd183998e50","Rectangle2_2":"5d512b7c-b6b1-4195-afca-bcdd87942a12","Component_TextInput_AVG Fuel Flow (LB)":"8b8e6e4b-7478-42ac-9f34-b71a970c5622","Component_TextInput_EET (HRS)":"4f951f50-cfb8-4a69-9fa2-cec187798d3e","Component_TextInput_Total Fuel Used (LB)":"ed2b3707-f726-4fe9-9e5a-c0820427cdb9","Component_TextInput_OVHD Weight (LB)":"3033df76-7341-4887-bc56-91b96c4f6335","Component_TextInput_Min Fuel @ FAF":"ee79f7ae-b247-47ea-80f9-659cadfdfdaf","Component_TextInput_Fuel OVHD":"3565bc3d-86c6-4682-a813-9dcebe9bf0fc","Container1_8":"7919b52e-862d-4e17-a4f5-f8fedac9087a","Rectangle2_4":"8869d933-a445-400d-95f7-30fccfed2330","Component_TextInput_Depress Point":"c2e6d8a3-f36a-463b-a26e-e8569673edf4","Component_TextInput_PSR":"6821584a-c027-4964-874c-2c3af0ef8242","Component_TextInput_Fuel Endurance":"402a3699-0af7-4a73-8430-6a1239ea8020","Component_Loading_1":"c0d54938-5078-48ad-95f4-39813c164ad5","Component_Message_ConfirmReset":"c9a617c9-0828-4bb4-8a23-ef5231e68e57","Component_Message_ConfirmBack":"9c6c96c4-4b51-4908-8a97-7fe17dc0fa48","Screen_HomePage":"7ba0ff03-8dad-4858-959c-feadae405b90","ScreenContainer_4":"a1b50b50-8b9e-498d-9727-0a805550b889","HeaderContainer_5":"48457447-04c7-473c-bd9e-90f0d85d7d01","Component_Header_6":"1a92277c-6f5a-413d-83d0-3d82f07443a4","HeaderContainer_4":"6d8f6d11-50ba-43d5-9a58-29967412ff3e","Img_Banner":"88429f1e-1d1b-44ee-bb72-57f3563b42da","MainContainer_4":"aefcfc4b-c175-46f8-bacb-d2ce2eb720af","Container10":"79729d3a-1e2f-4cf3-9c11-b7ca2f05292a","Component_PageWidgets_FuelPlan":"fa1405cf-6042-4c46-9067-88aae4b5d338","Component_PageWidgets_FELog":"3e90f626-b141-4cf6-9a45-342f79ab35d7","Component_PageWidgets_TrimSheet":"7fbef06a-3817-478a-ad7a-2609b8fdcde3","Component_PageWidgets_NavLog":"4cdf147b-bb3c-4e0b-bbf6-3dfa22b94aee","FooterContainer_2":"47f89d0c-1861-4e97-acd4-d59be48cb418","Component_Footer_1":"bc152ff3-384e-4b5b-910f-180da5cf40a5","Component_Loading_HomePage":"f99d9df5-a543-4660-9023-a45ef2059da7","Screen_FuelPlan_List":"1e1b13b6-d989-4e4d-8934-1d06a37e9b92","ScreenContainer_1":"4b2eb8a9-bd87-4da6-8943-707d754d3f18","HeaderContainer_1":"8ade8236-f12c-4452-b0fe-8944886a510d","Component_Header_3":"236f1296-e88d-41b1-b4f3-9592e6887ea7","Container3_1":"b2403dd5-427c-41fb-a79a-a27546b8ff28","Container9":"3fd8a7e3-d935-4d48-a33b-de72673b600e","Container9_3":"77030d6a-843d-47a2-a8c4-41460739b6f9","TextCanvas2_5":"d582a54b-db0d-4c0d-97d4-e17319566ab1","DatePicker_From":"bbf18ee9-1630-4ab7-8b6c-7a14e29d00c8","Container9_2":"a67f1906-536a-4dc3-8089-d084d7bb34e5","TextCanvas2_1":"c0054d82-8053-42b0-88ed-765a711878ec","DatePicker_To":"9d380684-e32c-472c-931e-19353692642e","Container9_4":"86d45211-ae36-437d-a2c2-3105427f278a","Combo_PlanSearch":"7dccf12a-c5e4-48dd-82d6-f902b33e57d4","TextCanvas2_3":"e0097b88-16f3-4107-bc2b-ac484d59b775","Container9_5":"3dfb42a0-b06d-48b5-a84b-b281b1f0720d","TextInput_AirfieldSearch":"da9882f2-3a13-45c0-8e00-ff0ddfed23e6","TextCanvas2_4":"0e3263b5-39ec-4ea3-98e0-7312ec26a240","For Testing_Btn_ViewPendingUpdates":"43330d03-3aed-4760-83cc-6adaf5eab388","Btn_NewFuelPlan":"8648e2e4-7b45-42fc-93fa-e5e4e4ff8a42","MainContainer_1":"59b96ca0-df72-4d44-9418-2d58f56237a2","Gallery1":"759c5efe-0106-4d88-96a0-7de22d698cf8","galleryTemplate1":"2bedd8f7-2f47-4d6b-836a-96900bd576d8","Container6":"10c94ea2-dc2d-41eb-af70-29be7c79299d","Container7":"29a453b9-a6ce-4ff0-986a-737efe7195b6","Label_PlanName":"b5420eb7-9d65-495d-bc37-81b932d5d9cb","Label_FlightDate":"1290d69b-d385-49cf-a19b-e9c758fd596d","Container7_2":"9f4baa4f-459f-418b-901c-94db73e2cb5a","Label_Navigator":"fda06551-2a57-44ca-94fb-bee78ecca954","Icon_DeleteFuelPlan":"174ef706-2ab4-4936-9b75-53b8ff14e992","Icon_ViewFuelPlan":"c4f044d2-08fc-409d-8f62-40fd9f66cbf6","Component_Message_ConfirmDelete":"f83effdf-508a-4be8-9eaf-c5d35967d058","Component_Loading_2":"d5daf229-8ba9-498d-90f6-e9e0ce3f4eea","Screen_FuelPlan_Distribution":"5c6bcc27-5cd8-48a7-80ec-76e2fbf69cd1","ScreenContainer_2":"d054de68-8864-469f-b062-38772e01e739","HeaderContainer_2":"86fcb2cb-9759-45bf-aa7c-09e5d4c416fe","Component_Header_4":"2bf214cc-904f-4600-ab36-d2dfe6a4fbe4","Container3_4":"eee4fa9f-a38d-462a-bf00-0193c7a50bcb","Txt_FulePlanName_1":"d79391be-423e-47cf-bb62-e282894f4211","Icon_Back_1":"856f60d8-90e0-47d7-86f2-cc6310adefe0","MainContainer_2":"0a5e11d9-b020-40f3-a3f0-d55e8664ac06","Container5":"e1c7c68a-49e4-41ae-8754-21cb4ddb6a93","Container5_1":"965bed6a-ffe6-476a-9df7-c805117507d4","Img_Takeoff":"4cfc1222-99d6-48e5-8f0f-b1fb1f5c3a93","Component_FuelDistribution_Takeoff":"f105787a-ac26-485d-b8cf-dc7f773345ea","Container5_2":"8bf07a25-0654-4156-9878-9b928d26c7d5","Image5_Landing":"c634788c-609b-4833-a6c4-476193ff76ab","Component_FuelDistribution_Landing":"25687434-38fc-4264-9d78-7876e2070cc4","Screen_Template":"0c457ffd-42e9-4ae1-9ed8-f1800a5ad5b3","ScreenContainer":"0e1dabb7-9ae3-458c-95f2-19d1154ba1b2","HeaderContainer":"672d9d3e-f224-415a-978b-6347ca944723","Component_Header_2":"a9a6deec-7aba-4d94-8219-7813e45485ff","MainContainer":"f9d66c70-ae18-4c24-a268-998a5da8f579","Screen_TroubleShootingPage":"7cbc5cfd-1282-4354-90dc-257fdc7fdb88","ScreenContainer_3":"40d954f9-8d28-4a5c-8d6d-fdba415e068a","HeaderContainer_3":"f60556ef-c0e8-4fe1-9a67-2f0a98c9afb5","Component_Header_5":"2343857b-b86d-4b59-8e30-d71cf5d67bac","MainContainer_3":"9976de9c-1ab4-47d3-8e68-5f8a14dce7d5","Table1":"ed63bbba-9b1b-4248-a090-97897345265b","Action1":"c1a07218-2609-475e-8cc8-df40236cc5ac","TimeStamp1":"04de36c7-b489-4beb-a5d2-3cc24a0c81b8","PlanDetails1":"5f12c5cd-0153-4910-b0af-fda9fbb0c4a3","FlightDate1":"f30e99cf-0900-41a5-9abc-9a1e088de603","PlanID1":"55007cd6-04a4-4cfa-bee3-9b1803e10453","PlanName1":"f70cfdbf-4569-4f44-92da-2c7d8c6dcaa8","ButtonCanvas4":"587cb1cb-6969-45df-bd92-e8f7d53c61be","TextCanvas8":"51cf5dba-8741-44cb-8bb9-243d9a9198bb","TextCanvas9":"aac1c6bf-f8e9-4ffa-9ddd-6a55a3795d5f","TextCanvas10":"f952f568-56ce-41f1-8158-1e361efe2d02","TextCanvas11":"08e64066-db65-4be7-93c9-905f2bca2587","TextCanvas1":"a3b29718-87b2-42d3-ba7f-6a8329f991c8","FooterContainer_1":"86e37ee8-e335-4c0b-b9a9-5cb4fadffdd1","Screen_CommonFunctions":"2fa02338-b1f9-43cb-a384-cb6edb110374","ScreenContainer_5":"6c78c288-3572-4b06-b602-46b13e034310","HeaderContainer_6":"c16f5358-8148-4048-9063-4c68ec138657","Component_Header_7":"b113ef1a-435a-4eca-9dbb-aa18be8edbeb","MainContainer_5":"42d857df-55dd-4ac3-9fb4-d6c25a948769","Component_CommonFunctions":"cb1af12a-e716-4150-97dd-97591d9da588"}